timestamp,test_module,test_name,initial_threads,final_threads,thread_change,leaked_threads,new_thread_names,closed_thread_names,duration_seconds
2025-09-26T19:19:54.379192,dimos.perception.detection2d.test_module,test_module3d,2,2,0,0,,,0.001518
2025-09-26T19:19:54.381618,dimos.perception.detection2d.test_moduleDB,test_moduleDB,2,8,6,6,Thread-2 (run_forever)|Thread-3 (_loop)|Thread-4 (run_forever)|Thread-5 (_loop)|Thread-6 (run_forever)|Thread-7 (_loop),,2.885595
2025-09-26T19:19:57.268310,dimos.perception.detection2d.test_yolo_2d_det,test_yolo_detector_initialization,8,8,0,0,,,0.001546
2025-09-26T19:19:57.279497,dimos.perception.detection2d.test_yolo_2d_det,test_yolo_detector_process_image,8,15,7,7,ThreadPoolExecutor-1_0|ThreadPoolExecutor-1_1|ThreadPoolExecutor-1_2|ThreadPoolExecutor-1_3|ThreadPoolExecutor-1_4|ThreadPoolExecutor-1_5|ThreadPoolExecutor-1_6,,1.020645
2025-09-26T19:19:58.545394,dimos.perception.detection2d.type.test_detection2d,test_detection_basic_properties,17,17,0,0,,,0.000793
2025-09-26T19:19:58.547004,dimos.perception.detection2d.type.test_detection2d,test_bounding_box_format,17,17,0,0,,,0.001043
2025-09-26T19:19:58.549070,dimos.perception.detection2d.type.test_detection2d,test_bbox_2d_volume,17,17,0,0,,,0.001233
2025-09-26T19:19:58.550936,dimos.perception.detection2d.type.test_detection2d,test_bbox_center_calculation,17,17,0,0,,,0.000535
2025-09-26T19:19:58.552076,dimos.perception.detection2d.type.test_detection2d,test_cropped_image,17,17,0,0,,,0.000551
2025-09-26T19:19:58.553221,dimos.perception.detection2d.type.test_detection2d,test_to_ros_bbox,17,17,0,0,,,0.000537
2025-09-26T19:19:58.554444,dimos.perception.detection2d.type.test_detection2d,test_to_text_annotation,17,17,0,0,,,0.000908
2025-09-26T19:19:58.555955,dimos.perception.detection2d.type.test_detection2d,test_to_points_annotation,17,17,0,0,,,0.00064
2025-09-26T19:19:58.557180,dimos.perception.detection2d.type.test_detection2d,test_to_image_annotations,17,17,0,0,,,0.000532
2025-09-26T19:19:58.558321,dimos.perception.detection2d.type.test_detection2d,test_to_repr_dict,17,17,0,0,,,0.000467
2025-09-26T19:19:58.724952,dimos.perception.detection2d.type.test_detection2d,test_image_detections2d_properties,17,17,0,0,,,0.000854
2025-09-26T19:19:58.726623,dimos.perception.detection2d.type.test_detection2d,test_ros_detection2d_conversion,17,17,0,0,,,0.000665
2025-09-26T19:19:58.991369,dimos.perception.detection2d.type.test_detection3d,test_oriented_bounding_box,19,19,0,0,,,0.001368
2025-09-26T19:19:58.993744,dimos.perception.detection2d.type.test_detection3d,test_bounding_box_dimensions,19,19,0,0,,,0.002378
2025-09-26T19:19:58.997017,dimos.perception.detection2d.type.test_detection3d,test_axis_aligned_bounding_box,19,19,0,0,,,0.006685
2025-09-26T19:19:59.004588,dimos.perception.detection2d.type.test_detection3d,test_point_cloud_properties,19,19,0,0,,,0.00556
2025-09-26T19:19:59.011050,dimos.perception.detection2d.type.test_detection3d,test_foxglove_scene_entity_generation,19,19,0,0,,,0.000951
2025-09-26T19:19:59.012833,dimos.perception.detection2d.type.test_detection3d,test_foxglove_cube_properties,19,19,0,0,,,0.000854
2025-09-26T19:19:59.014499,dimos.perception.detection2d.type.test_detection3d,test_foxglove_text_label,19,19,0,0,,,0.00077
2025-09-26T19:19:59.016055,dimos.perception.detection2d.type.test_detection3d,test_detection_pose,19,19,0,0,,,0.001504
2025-09-26T19:19:59.018511,dimos.perception.detection2d.type.test_detection3d_filters,test_module3d,19,27,8,8,Thread-12 (_loop)|Thread-13 (_loop)|Thread-14 (_loop)|Thread-15 (_loop)|Thread-16 (_loop)|Thread-17 (_loop)|Thread-18 (_loop)|Thread-19 (_loop),,1.046899
2025-09-26T19:20:01.829132,dimos.perception.detection2d.type.test_object3d,test_object_db_module_populated,33,33,0,0,,,0.002848
2025-09-26T19:20:01.834098,dimos.perception.detection2d.type.test_object3d,test_object_db_module_objects_structure,33,33,0,0,,,0.000622
2025-09-26T19:20:01.837222,dimos.perception.detection2d.type.test_object3d,test_object3d_properties,33,33,0,0,,,0.001442
2025-09-26T19:20:01.840196,dimos.perception.detection2d.type.test_object3d,test_object3d_multiple_detections,33,33,0,0,,,0.000603
2025-09-26T19:20:01.843165,dimos.perception.detection2d.type.test_object3d,test_object3d_center,33,33,0,0,,,0.001177
2025-09-26T19:20:01.845789,dimos.perception.detection2d.type.test_object3d,test_object3d_repr_dict,33,33,0,0,,,0.001359
2025-09-26T19:20:01.849114,dimos.perception.detection2d.type.test_object3d,test_object3d_scene_entity_label,33,33,0,0,,,0.001437
2025-09-26T19:20:01.852122,dimos.perception.detection2d.type.test_object3d,test_object3d_agent_encode,33,33,0,0,,,0.000668
2025-09-26T19:20:01.853653,dimos.perception.detection2d.type.test_object3d,test_object3d_image_property,33,33,0,0,,,0.001136
2025-09-26T19:20:01.855540,dimos.perception.detection2d.type.test_object3d,test_object3d_addition,33,33,0,0,,,0.001418
2025-09-26T19:20:01.857851,dimos.perception.detection2d.type.test_object3d,test_image_detections3d_scene_update,33,33,0,0,,,0.001056
2025-09-26T19:20:21.743295,dimos.perception.detection2d.test_moduleDB,test_moduleDB,2,8,6,6,Thread-2 (run_forever)|Thread-3 (_loop)|Thread-4 (run_forever)|Thread-5 (_loop)|Thread-6 (run_forever)|Thread-7 (_loop),,2.938933
2025-09-26T19:20:24.683520,dimos.perception.detection2d.test_yolo_2d_det,test_yolo_detector_initialization,8,8,0,0,,,0.004531
2025-09-26T19:20:24.688809,dimos.perception.detection2d.test_yolo_2d_det,test_yolo_detector_process_image,8,15,7,7,ThreadPoolExecutor-1_0|ThreadPoolExecutor-1_1|ThreadPoolExecutor-1_2|ThreadPoolExecutor-1_3|ThreadPoolExecutor-1_4|ThreadPoolExecutor-1_5|ThreadPoolExecutor-1_6,,1.017079
2025-09-26T19:20:25.966917,dimos.perception.detection2d.type.test_detection2d,test_detection_basic_properties,17,17,0,0,,,0.000825
2025-09-26T19:20:25.968571,dimos.perception.detection2d.type.test_detection2d,test_bounding_box_format,17,17,0,0,,,0.000504
2025-09-26T19:20:25.969670,dimos.perception.detection2d.type.test_detection2d,test_bbox_2d_volume,17,17,0,0,,,0.00111
2025-09-26T19:20:25.971487,dimos.perception.detection2d.type.test_detection2d,test_bbox_center_calculation,17,17,0,0,,,0.000519
2025-09-26T19:20:25.972710,dimos.perception.detection2d.type.test_detection2d,test_cropped_image,17,17,0,0,,,0.000546
2025-09-26T19:20:25.973870,dimos.perception.detection2d.type.test_detection2d,test_to_ros_bbox,17,17,0,0,,,0.000509
2025-09-26T19:20:25.974983,dimos.perception.detection2d.type.test_detection2d,test_to_text_annotation,17,17,0,0,,,0.00062
2025-09-26T19:20:25.976220,dimos.perception.detection2d.type.test_detection2d,test_to_points_annotation,17,17,0,0,,,0.000592
2025-09-26T19:20:25.977374,dimos.perception.detection2d.type.test_detection2d,test_to_image_annotations,17,17,0,0,,,0.000507
2025-09-26T19:20:25.978560,dimos.perception.detection2d.type.test_detection2d,test_to_repr_dict,17,17,0,0,,,0.000461
2025-09-26T19:20:26.149543,dimos.perception.detection2d.type.test_detection2d,test_image_detections2d_properties,17,17,0,0,,,0.000849
2025-09-26T19:20:26.151239,dimos.perception.detection2d.type.test_detection2d,test_ros_detection2d_conversion,17,17,0,0,,,0.000629
2025-09-26T19:20:26.399438,dimos.perception.detection2d.type.test_detection3d,test_oriented_bounding_box,19,19,0,0,,,0.001212
2025-09-26T19:20:26.403431,dimos.perception.detection2d.type.test_detection3d,test_bounding_box_dimensions,19,19,0,0,,,0.002155
2025-09-26T19:20:26.406459,dimos.perception.detection2d.type.test_detection3d,test_axis_aligned_bounding_box,19,19,0,0,,,0.00198
2025-09-26T19:20:26.409517,dimos.perception.detection2d.type.test_detection3d,test_point_cloud_properties,19,19,0,0,,,0.001458
2025-09-26T19:20:26.411785,dimos.perception.detection2d.type.test_detection3d,test_foxglove_scene_entity_generation,19,19,0,0,,,0.000818
2025-09-26T19:20:26.413347,dimos.perception.detection2d.type.test_detection3d,test_foxglove_cube_properties,19,19,0,0,,,0.000753
2025-09-26T19:20:26.414814,dimos.perception.detection2d.type.test_detection3d,test_foxglove_text_label,19,19,0,0,,,0.000662
2025-09-26T19:20:26.416170,dimos.perception.detection2d.type.test_detection3d,test_detection_pose,19,19,0,0,,,0.001394
2025-09-26T19:20:26.418527,dimos.perception.detection2d.type.test_detection3d_filters,test_module3d,19,27,8,8,Thread-12 (_loop)|Thread-13 (_loop)|Thread-14 (_loop)|Thread-15 (_loop)|Thread-16 (_loop)|Thread-17 (_loop)|Thread-18 (_loop)|Thread-19 (_loop),,1.036356
2025-09-26T19:20:29.120195,dimos.perception.detection2d.type.test_object3d,test_object_db_module_populated,33,33,0,0,,,0.000819
2025-09-26T19:20:29.124424,dimos.perception.detection2d.type.test_object3d,test_object_db_module_objects_structure,33,33,0,0,,,0.001596
2025-09-26T19:20:29.127647,dimos.perception.detection2d.type.test_object3d,test_object3d_properties,33,33,0,0,,,0.00145
2025-09-26T19:20:29.130688,dimos.perception.detection2d.type.test_object3d,test_object3d_multiple_detections,33,33,0,0,,,0.001471
2025-09-26T19:20:29.133662,dimos.perception.detection2d.type.test_object3d,test_object3d_center,33,33,0,0,,,0.001336
2025-09-26T19:20:29.136447,dimos.perception.detection2d.type.test_object3d,test_object3d_repr_dict,33,33,0,0,,,0.001453
2025-09-26T19:20:29.139609,dimos.perception.detection2d.type.test_object3d,test_object3d_scene_entity_label,33,33,0,0,,,0.001608
2025-09-26T19:20:29.142783,dimos.perception.detection2d.type.test_object3d,test_object3d_agent_encode,33,33,0,0,,,0.001384
2025-09-26T19:20:29.145739,dimos.perception.detection2d.type.test_object3d,test_object3d_image_property,33,33,0,0,,,0.0014
2025-09-26T19:20:29.148600,dimos.perception.detection2d.type.test_object3d,test_object3d_addition,33,33,0,0,,,0.002081
2025-09-26T19:20:29.152207,dimos.perception.detection2d.type.test_object3d,test_image_detections3d_scene_update,33,33,0,0,,,0.002095
2025-09-26T20:21:19.162369,dimos.perception.detection2d.test_module2d,test_module2d_visual_query,2,4,2,2,Thread-2 (run_forever)|Thread-3 (_loop),,0.046279
2025-09-26T20:21:20.639690,dimos.perception.detection2d.test_module2d,test_module2d_visual_query,2,4,2,2,Thread-2 (run_forever)|Thread-3 (_loop),,0.053032
2025-09-26T20:21:30.053177,dimos.perception.detection2d.test_module2d,test_module2d_visual_query,1,3,2,2,Thread-1 (run_forever)|Thread-2 (_loop),,0.043413
2025-09-26T20:21:38.089866,dimos.perception.detection2d.test_module2d,test_module2d_visual_query,1,3,2,2,Thread-1 (run_forever)|Thread-2 (_loop),,0.050572
2025-09-26T20:21:38.288569,dimos.perception.detection2d.test_module2d,test_module2d_visual_query,1,3,2,2,Thread-1 (run_forever)|Thread-2 (_loop),,0.052931
2025-09-26T20:22:04.531708,dimos.perception.detection2d.test_module2d,test_module2d_visual_query,1,3,2,2,Thread-1 (run_forever)|Thread-2 (_loop),,0.048774
2025-09-26T20:22:07.135074,dimos.perception.detection2d.test_module2d,test_module2d_visual_query,1,3,2,2,Thread-1 (run_forever)|Thread-2 (_loop),,0.048978
2025-09-26T20:22:18.495641,dimos.perception.detection2d.test_module2d,test_module2d_visual_query,1,3,2,2,Thread-1 (run_forever)|Thread-2 (_loop),,0.060841
2025-09-26T20:23:09.921510,dimos.perception.detection2d.test_module2d,test_module2d_visual_query,1,3,2,2,Thread-1 (run_forever)|Thread-2 (_loop),,1.346129
2025-09-26T20:24:47.931337,dimos.perception.detection2d.test_module2d,test_module2d_visual_query,1,3,2,2,Thread-1 (run_forever)|Thread-2 (_loop),,3.84527
2025-09-26T20:24:59.060263,dimos.perception.detection2d.test_module2d,test_module2d_visual_query,1,3,2,2,Thread-1 (run_forever)|Thread-2 (_loop),,0.053613
2025-09-26T20:25:05.771544,dimos.perception.detection2d.test_module2d,test_module2d_visual_query,1,3,2,2,Thread-1 (run_forever)|Thread-2 (_loop),,3.892861
2025-09-26T20:25:41.069615,dimos.perception.detection2d.test_module2d,test_module2d_visual_query,1,3,2,2,Thread-1 (run_forever)|Thread-2 (_loop),,4.202698
2025-09-26T20:26:03.037005,dimos.perception.detection2d.test_module2d,test_module2d_visual_query,1,1,0,0,,,0.036067
2025-09-26T20:26:22.868376,dimos.perception.detection2d.test_module2d,test_module2d_visual_query,1,3,2,2,Thread-1 (run_forever)|Thread-2 (_loop),,5.63436
2025-09-26T20:30:12.473288,dimos.perception.detection2d.test_module2d,test_module2d_visual_query,1,3,2,2,Thread-1 (run_forever)|Thread-2 (_loop),,7.350234
2025-09-26T20:31:17.179166,dimos.perception.detection2d.test_module2d,test_module2d_visual_query,1,3,2,2,Thread-1 (run_forever)|Thread-2 (_loop),,4.087574
2025-09-26T20:32:54.824655,dimos.perception.detection2d.test_module2d,test_module2d_visual_query,1,3,2,2,Thread-1 (run_forever)|Thread-2 (_loop),,5.661503
2025-09-26T20:33:12.165843,dimos.perception.detection2d.test_module2d,test_module2d_visual_query,1,3,2,2,Thread-1 (run_forever)|Thread-2 (_loop),,5.482186
2025-09-26T20:33:25.477659,dimos.perception.detection2d.test_module2d,test_module2d_visual_query,1,3,2,2,Thread-1 (run_forever)|Thread-2 (_loop),,11.251526
2025-09-26T20:34:03.773972,dimos.perception.detection2d.test_module2d,test_module2d_visual_query,1,3,2,2,Thread-1 (run_forever)|Thread-2 (_loop),,10.599549
2025-09-26T20:34:35.064512,dimos.perception.detection2d.test_module2d,test_module2d_visual_query,1,3,2,2,Thread-1 (run_forever)|Thread-2 (_loop),,5.609869
2025-09-26T20:36:30.134349,dimos.perception.detection2d.test_module2d,test_module2d_visual_query,1,3,2,2,Thread-1 (run_forever)|Thread-2 (_loop),,0.319505
2025-09-26T20:36:34.464576,dimos.perception.detection2d.test_module2d,test_module2d_visual_query,1,3,2,2,Thread-1 (run_forever)|Thread-2 (_loop),,6.992168
2025-09-26T20:39:38.267359,dimos.perception.detection2d.test_module2d,test_module2d_visual_query,1,3,2,2,Thread-1 (run_forever)|Thread-2 (_loop),,6.485351
2025-09-26T20:41:18.218244,dimos.perception.detection2d.test_module2d,test_module2d_visual_query,1,3,2,2,Thread-1 (run_forever)|Thread-2 (_loop),,6.932784
2025-09-26T20:41:40.645139,dimos.perception.detection2d.test_module2d,test_module2d_visual_query,1,3,2,2,Thread-1 (run_forever)|Thread-2 (_loop),,6.255135
2025-09-26T20:42:18.133300,dimos.perception.detection2d.test_moduleDB,test_moduleDB,2,8,6,6,Thread-2 (run_forever)|Thread-3 (_loop)|Thread-4 (run_forever)|Thread-5 (_loop)|Thread-6 (run_forever)|Thread-7 (_loop),,2.151888
2025-09-26T20:42:27.389096,dimos.perception.detection2d.test_moduleDB,test_moduleDB,2,8,6,6,Thread-2 (run_forever)|Thread-3 (_loop)|Thread-4 (run_forever)|Thread-5 (_loop)|Thread-6 (run_forever)|Thread-7 (_loop),,2.144457
2025-09-26T20:42:35.625436,dimos.perception.detection2d.test_moduleDB,test_moduleDB,2,8,6,6,Thread-2 (run_forever)|Thread-3 (_loop)|Thread-4 (run_forever)|Thread-5 (_loop)|Thread-6 (run_forever)|Thread-7 (_loop),,2.115704
2025-09-26T20:42:50.848395,dimos.perception.detection2d.test_moduleDB,test_moduleDB,2,12,10,10,Thread-2 (run_forever)|Thread-3 (_loop)|Thread-4 (run_forever)|Thread-5 (_loop)|Thread-6 (run_forever)|Thread-7 (_loop)|Thread-8 (_loop)|Thread-9 (_loop)|Thread-10 (_loop)|Thread-11 (_loop),,2.845829
2025-09-26T20:42:59.689297,dimos.perception.detection2d.test_moduleDB,test_moduleDB,2,12,10,10,Thread-2 (run_forever)|Thread-3 (_loop)|Thread-4 (run_forever)|Thread-5 (_loop)|Thread-6 (run_forever)|Thread-7 (_loop)|Thread-8 (_loop)|Thread-9 (_loop)|Thread-10 (_loop)|Thread-11 (_loop),,2.892929
2025-09-26T20:51:22.099995,dimos.perception.detection2d.test_moduleDB,test_moduleDB,2,12,10,10,Thread-2 (run_forever)|Thread-3 (_loop)|Thread-4 (run_forever)|Thread-5 (_loop)|Thread-6 (run_forever)|Thread-7 (_loop)|Thread-8 (_loop)|Thread-9 (_loop)|Thread-10 (_loop)|Thread-11 (_loop),,2.774706
2025-09-26T20:51:33.454931,dimos.perception.detection2d.test_module2d,test_module2d_visual_query,2,4,2,2,Thread-2 (run_forever)|Thread-3 (_loop),,0.058218
2025-09-26T20:51:49.664137,dimos.perception.detection2d.test_module2d,test_module2d_visual_query,2,4,2,2,Thread-2 (run_forever)|Thread-3 (_loop),,0.120992
2025-09-26T20:52:43.699422,dimos.perception.detection2d.test_module2d,test_module2d_visual_query,2,4,2,2,Thread-2 (run_forever)|Thread-3 (_loop),,0.118322
2025-09-26T20:52:58.399305,dimos.perception.detection2d.test_module2d,test_module2d_visual_query,2,4,2,2,Thread-2 (run_forever)|Thread-3 (_loop),,0.49951
2025-09-26T20:54:22.530651,dimos.perception.detection2d.test_module2d,test_module2d_visual_query,2,10,8,8,Thread-2 (run_forever)|Thread-3 (_loop)|Thread-5 (run_forever)|Thread-6 (_loop)|Thread-7 (run)|ThreadPoolExecutor-1_0|ThreadPoolExecutor-1_1|ThreadPoolExecutor-1_2,,3.142741
2025-09-26T20:55:02.978190,dimos.perception.detection2d.test_module2d,test_module2d_visual_query,2,10,8,8,Thread-2 (run_forever)|Thread-3 (_loop)|Thread-4 (run_forever)|Thread-5 (_loop)|Thread-6 (run)|ThreadPoolExecutor-1_0|ThreadPoolExecutor-1_1|ThreadPoolExecutor-1_2,,0.510929
2025-09-26T20:55:31.831699,dimos.perception.detection2d.test_module2d,test_module2d_visual_query,2,8,6,6,Thread-2 (run_forever)|Thread-3 (_loop)|Thread-5 (_loop)|Thread-6 (_loop)|Thread-7 (_loop)|Thread-8 (_loop),,3.146847
2025-09-26T20:55:48.039892,dimos.perception.detection2d.test_module2d,test_module2d_visual_query,2,9,7,7,Thread-2 (run_forever)|Thread-3 (_loop)|Thread-5 (_loop)|Thread-6 (_loop)|Thread-7 (_loop)|Thread-8 (_loop)|Thread-9 (_loop),,3.62106
2025-09-26T20:56:00.091258,dimos.perception.detection2d.test_module2d,test_module2d_visual_query,2,9,7,7,Thread-2 (run_forever)|Thread-3 (_loop)|Thread-5 (_loop)|Thread-6 (_loop)|Thread-7 (_loop)|Thread-8 (_loop)|Thread-9 (_loop),,3.85161
2025-09-26T20:56:36.039430,dimos.perception.detection2d.test_module2d,test_module2d_visual_query,2,8,6,6,Thread-2 (run_forever)|Thread-3 (_loop)|Thread-4 (_loop)|Thread-5 (_loop)|Thread-6 (_loop)|Thread-7 (_loop),,0.373017
2025-09-26T20:56:46.177513,dimos.perception.detection2d.test_module2d,test_module2d_visual_query,2,8,6,6,Thread-2 (run_forever)|Thread-3 (_loop)|Thread-4 (_loop)|Thread-5 (_loop)|Thread-6 (_loop)|Thread-7 (_loop),,0.441456
2025-09-26T20:57:04.819808,dimos.perception.detection2d.test_module2d,test_module2d_visual_query,2,9,7,7,Thread-2 (run_forever)|Thread-3 (_loop)|Thread-5 (_loop)|Thread-6 (_loop)|Thread-7 (_loop)|Thread-8 (_loop)|Thread-9 (_loop),,3.831966
2025-09-26T20:57:26.420865,dimos.perception.detection2d.test_module2d,test_module2d_visual_query,2,9,7,7,Thread-2 (run_forever)|Thread-3 (_loop)|Thread-5 (_loop)|Thread-6 (_loop)|Thread-7 (_loop)|Thread-8 (_loop)|Thread-9 (_loop),,3.432511
2025-09-26T20:57:41.632088,dimos.perception.detection2d.test_module2d,test_module2d_visual_query,2,9,7,7,Thread-2 (run_forever)|Thread-3 (_loop)|Thread-5 (_loop)|Thread-6 (_loop)|Thread-7 (_loop)|Thread-8 (_loop)|Thread-9 (_loop),,3.572344
2025-09-26T20:59:44.833182,dimos.perception.detection2d.test_module2d,test_module2d_visual_query,2,8,6,6,Thread-2 (run_forever)|Thread-3 (_loop)|Thread-5 (_loop)|Thread-6 (_loop)|Thread-7 (_loop)|Thread-8 (_loop),,2.957557
2025-09-26T21:00:00.460394,dimos.perception.detection2d.test_module2d,test_module2d_visual_query,2,9,7,7,Thread-2 (run_forever)|Thread-3 (_loop)|Thread-5 (_loop)|Thread-6 (_loop)|Thread-7 (_loop)|Thread-8 (_loop)|Thread-9 (_loop),,3.531353
2025-09-26T21:07:19.402805,dimos.perception.detection2d.test_module2d,test_module2d_visual_query,2,2,0,0,,,0.286919
2025-09-26T21:07:33.193310,dimos.perception.detection2d.test_module2d,test_module2d_visual_query,2,2,0,0,,,0.298396
2025-09-26T21:08:00.866770,dimos.perception.detection2d.test_module2d,test_module2d_visual_query,2,9,7,7,Thread-2 (run_forever)|Thread-3 (_loop)|Thread-5 (_loop)|Thread-6 (_loop)|Thread-7 (_loop)|Thread-8 (_loop)|Thread-9 (_loop),,3.854635
2025-09-26T21:08:28.034051,dimos.perception.detection2d.test_module2d,test_module2d_visual_query,2,9,7,7,Thread-2 (run_forever)|Thread-3 (_loop)|Thread-5 (_loop)|Thread-6 (_loop)|Thread-7 (_loop)|Thread-8 (_loop)|Thread-9 (_loop),,3.974273
2025-09-26T21:08:44.551138,dimos.perception.detection2d.test_module2d,test_module2d_visual_query,2,2,0,0,,,0.273476
2025-09-26T21:08:55.657202,dimos.perception.detection2d.test_module2d,test_module2d_visual_query,2,2,0,0,,,0.245609
2025-09-26T21:09:00.953456,dimos.perception.detection2d.test_module2d,test_module2d_visual_query,2,9,7,7,Thread-2 (run_forever)|Thread-3 (_loop)|Thread-5 (_loop)|Thread-6 (_loop)|Thread-7 (_loop)|Thread-8 (_loop)|Thread-9 (_loop),,3.266123
2025-09-26T21:10:50.563809,dimos.perception.detection2d.test_module2d,test_module2d_visual_query,2,13,11,11,Thread-2 (run_forever)|Thread-3 (_loop)|Thread-4 (run_forever)|Thread-5 (_loop)|Thread-7 (_loop)|Thread-8 (_loop)|Thread-9 (_loop)|Thread-10 (_loop)|Thread-11 (_loop)|Thread-12 (_loop)|Thread-13 (_loop),,3.642472
2025-09-26T21:11:01.662644,dimos.perception.detection2d.test_module2d,test_module2d_visual_query,2,13,11,11,Thread-2 (run_forever)|Thread-3 (_loop)|Thread-4 (run_forever)|Thread-5 (_loop)|Thread-7 (_loop)|Thread-8 (_loop)|Thread-9 (_loop)|Thread-10 (_loop)|Thread-11 (_loop)|Thread-12 (_loop)|Thread-13 (_loop),,3.256002
2025-09-26T21:11:13.164928,dimos.perception.detection2d.test_module2d,test_module2d_visual_query,2,13,11,11,Thread-2 (run_forever)|Thread-3 (_loop)|Thread-4 (run_forever)|Thread-5 (_loop)|Thread-7 (_loop)|Thread-8 (_loop)|Thread-9 (_loop)|Thread-10 (_loop)|Thread-11 (_loop)|Thread-12 (_loop)|Thread-13 (_loop),,3.579078
2025-09-26T21:15:24.550523,dimos.perception.detection2d.test_module2d,test_module2d_visual_query,2,16,14,14,Thread-2 (run_forever)|Thread-3 (_loop)|Thread-4 (run_forever)|Thread-5 (_loop)|Thread-6 (run_forever)|Thread-7 (_loop)|Thread-9 (_loop)|Thread-10 (_loop)|Thread-11 (_loop)|Thread-12 (_loop)|Thread-13 (_loop)|Thread-14 (_loop)|Thread-15 (_loop)|Thread-16 (_loop),,4.169912
2025-09-26T21:15:36.587785,dimos.perception.detection2d.test_module2d,test_module2d_visual_query,2,16,14,14,Thread-2 (run_forever)|Thread-3 (_loop)|Thread-4 (run_forever)|Thread-5 (_loop)|Thread-6 (run_forever)|Thread-7 (_loop)|Thread-9 (_loop)|Thread-10 (_loop)|Thread-11 (_loop)|Thread-12 (_loop)|Thread-13 (_loop)|Thread-14 (_loop)|Thread-15 (_loop)|Thread-16 (_loop),,4.260964
2025-09-26T21:15:56.563667,dimos.perception.detection2d.test_module2d,test_module2d_visual_query,2,16,14,14,Thread-2 (run_forever)|Thread-3 (_loop)|Thread-4 (run_forever)|Thread-5 (_loop)|Thread-6 (run_forever)|Thread-7 (_loop)|Thread-9 (_loop)|Thread-10 (_loop)|Thread-11 (_loop)|Thread-12 (_loop)|Thread-13 (_loop)|Thread-14 (_loop)|Thread-15 (_loop)|Thread-16 (_loop),,3.329131
2025-09-26T21:16:21.461189,dimos.perception.detection2d.test_module2d,test_module2d_visual_query,2,16,14,14,Thread-2 (run_forever)|Thread-3 (_loop)|Thread-4 (run_forever)|Thread-5 (_loop)|Thread-6 (run_forever)|Thread-7 (_loop)|Thread-9 (_loop)|Thread-10 (_loop)|Thread-11 (_loop)|Thread-12 (_loop)|Thread-13 (_loop)|Thread-14 (_loop)|Thread-15 (_loop)|Thread-16 (_loop),,4.616649
2025-09-26T21:18:32.676323,dimos.perception.detection2d.test_module2d,test_module2d_visual_query,2,12,10,10,Thread-2 (run_forever)|Thread-3 (_loop)|Thread-4 (run_forever)|Thread-5 (_loop)|Thread-6 (run_forever)|Thread-7 (_loop)|Thread-9 (_loop)|Thread-10 (_loop)|Thread-11 (_loop)|Thread-12 (_loop),,4.093313
2025-09-26T21:19:02.769054,dimos.perception.detection2d.test_module2d,test_module2d_visual_query,2,20,18,18,Thread-2 (run_forever)|Thread-3 (_loop)|Thread-4 (run_forever)|Thread-5 (_loop)|Thread-6 (run_forever)|Thread-7 (_loop)|Thread-9 (_loop)|Thread-10 (_loop)|Thread-11 (_loop)|Thread-12 (_loop)|Thread-13 (_loop)|Thread-14 (_loop)|Thread-15 (_loop)|Thread-16 (_loop)|Thread-17 (_loop)|Thread-18 (_loop)|Thread-19 (_loop)|Thread-20 (_loop),,5.876751
2025-09-26T21:19:28.249666,dimos.perception.detection2d.test_module2d,test_module2d_visual_query,2,20,18,18,Thread-2 (run_forever)|Thread-3 (_loop)|Thread-4 (run_forever)|Thread-5 (_loop)|Thread-6 (run_forever)|Thread-7 (_loop)|Thread-9 (_loop)|Thread-10 (_loop)|Thread-11 (_loop)|Thread-12 (_loop)|Thread-13 (_loop)|Thread-14 (_loop)|Thread-15 (_loop)|Thread-16 (_loop)|Thread-17 (_loop)|Thread-18 (_loop)|Thread-19 (_loop)|Thread-20 (_loop),,13.500141
2025-09-26T21:23:49.180148,dimos.perception.detection2d.test_module2d,test_module2d_visual_query,2,18,16,16,Thread-2 (run_forever)|Thread-3 (_loop)|Thread-4 (run_forever)|Thread-5 (_loop)|Thread-6 (run_forever)|Thread-7 (_loop)|Thread-9 (_loop)|Thread-10 (_loop)|Thread-11 (_loop)|Thread-12 (_loop)|Thread-13 (_loop)|Thread-14 (_loop)|Thread-15 (_loop)|Thread-16 (_loop)|Thread-17 (_loop)|Thread-18 (_loop),,6.745949
2025-09-26T21:24:19.318338,dimos.perception.detection2d.test_module2d,test_module2d_visual_query,2,20,18,18,Thread-2 (run_forever)|Thread-3 (_loop)|Thread-4 (run_forever)|Thread-5 (_loop)|Thread-6 (run_forever)|Thread-7 (_loop)|Thread-9 (_loop)|Thread-10 (_loop)|Thread-11 (_loop)|Thread-12 (_loop)|Thread-13 (_loop)|Thread-14 (_loop)|Thread-15 (_loop)|Thread-16 (_loop)|Thread-17 (_loop)|Thread-18 (_loop)|Thread-19 (_loop)|Thread-20 (_loop),,7.394865
2025-09-26T21:56:41.037344,dimos.perception.detection2d.test_moduleDB,test_moduleDB,2,22,20,20,IO loop|Profile|QueueFeederThread|AsyncProcess Dask Worker process (from Nanny) watch message queue|QueueFeederThread|AsyncProcess Dask Worker process (from Nanny) watch message queue|AsyncProcess Dask Worker process (from Nanny) watch process join|QueueFeederThread|AsyncProcess Dask Worker process (from Nanny) watch process join|AsyncProcess Dask Worker process (from Nanny) watch message queue|QueueFeederThread|AsyncProcess Dask Worker process (from Nanny) watch message queue|AsyncProcess Dask Worker process (from Nanny) watch process join|QueueFeederThread|AsyncProcess Dask Worker process (from Nanny) watch message queue|AsyncProcess Dask Worker process (from Nanny) watch process join|AsyncProcess Dask Worker process (from Nanny) watch process join|Dask-Offload_0|Thread-4 (_loop)|Thread-6 (_loop),,7.848069
2025-09-26T21:57:13.088641,dimos.perception.detection2d.test_moduleDB,test_moduleDB,2,22,20,20,IO loop|Profile|QueueFeederThread|AsyncProcess Dask Worker process (from Nanny) watch message queue|QueueFeederThread|AsyncProcess Dask Worker process (from Nanny) watch message queue|AsyncProcess Dask Worker process (from Nanny) watch process join|QueueFeederThread|AsyncProcess Dask Worker process (from Nanny) watch process join|AsyncProcess Dask Worker process (from Nanny) watch message queue|QueueFeederThread|AsyncProcess Dask Worker process (from Nanny) watch process join|AsyncProcess Dask Worker process (from Nanny) watch message queue|QueueFeederThread|AsyncProcess Dask Worker process (from Nanny) watch message queue|AsyncProcess Dask Worker process (from Nanny) watch process join|AsyncProcess Dask Worker process (from Nanny) watch process join|Dask-Offload_0|Thread-4 (_loop)|Thread-6 (_loop),,7.019152
2025-09-26T21:57:24.501563,dimos.perception.detection2d.test_moduleDB,test_moduleDB,2,23,21,21,IO loop|Profile|QueueFeederThread|AsyncProcess Dask Worker process (from Nanny) watch message queue|QueueFeederThread|AsyncProcess Dask Worker process (from Nanny) watch message queue|QueueFeederThread|AsyncProcess Dask Worker process (from Nanny) watch process join|AsyncProcess Dask Worker process (from Nanny) watch message queue|AsyncProcess Dask Worker process (from Nanny) watch process join|QueueFeederThread|AsyncProcess Dask Worker process (from Nanny) watch process join|AsyncProcess Dask Worker process (from Nanny) watch message queue|QueueFeederThread|AsyncProcess Dask Worker process (from Nanny) watch message queue|AsyncProcess Dask Worker process (from Nanny) watch process join|AsyncProcess Dask Worker process (from Nanny) watch process join|Dask-Offload_0|Thread-4 (_loop)|Thread-6 (_loop)|Thread-8 (_loop),,7.54012
2025-09-26T21:59:04.886678,dimos.perception.detection2d.test_moduleDB,test_moduleDB,2,23,21,21,IO loop|Profile|QueueFeederThread|AsyncProcess Dask Worker process (from Nanny) watch message queue|QueueFeederThread|AsyncProcess Dask Worker process (from Nanny) watch message queue|AsyncProcess Dask Worker process (from Nanny) watch process join|QueueFeederThread|AsyncProcess Dask Worker process (from Nanny) watch process join|AsyncProcess Dask Worker process (from Nanny) watch message queue|QueueFeederThread|AsyncProcess Dask Worker process (from Nanny) watch process join|AsyncProcess Dask Worker process (from Nanny) watch message queue|QueueFeederThread|AsyncProcess Dask Worker process (from Nanny) watch process join|AsyncProcess Dask Worker process (from Nanny) watch message queue|AsyncProcess Dask Worker process (from Nanny) watch process join|Dask-Offload_0|Thread-4 (_loop)|Thread-6 (_loop)|Thread-8 (_loop),,37.622692
2025-09-26T21:59:51.750976,dimos.perception.detection2d.test_moduleDB,test_moduleDB,2,23,21,21,IO loop|Profile|QueueFeederThread|AsyncProcess Dask Worker process (from Nanny) watch message queue|QueueFeederThread|AsyncProcess Dask Worker process (from Nanny) watch process join|AsyncProcess Dask Worker process (from Nanny) watch message queue|QueueFeederThread|AsyncProcess Dask Worker process (from Nanny) watch process join|AsyncProcess Dask Worker process (from Nanny) watch message queue|QueueFeederThread|AsyncProcess Dask Worker process (from Nanny) watch message queue|AsyncProcess Dask Worker process (from Nanny) watch process join|QueueFeederThread|AsyncProcess Dask Worker process (from Nanny) watch message queue|AsyncProcess Dask Worker process (from Nanny) watch process join|AsyncProcess Dask Worker process (from Nanny) watch process join|Dask-Offload_0|Thread-4 (_loop)|Thread-6 (_loop)|Thread-8 (_loop),,15.569444
2025-09-26T22:00:12.129145,dimos.perception.detection2d.test_moduleDB,test_moduleDB,2,23,21,21,IO loop|Profile|QueueFeederThread|AsyncProcess Dask Worker process (from Nanny) watch message queue|QueueFeederThread|AsyncProcess Dask Worker process (from Nanny) watch message queue|AsyncProcess Dask Worker process (from Nanny) watch process join|QueueFeederThread|AsyncProcess Dask Worker process (from Nanny) watch process join|AsyncProcess Dask Worker process (from Nanny) watch message queue|QueueFeederThread|AsyncProcess Dask Worker process (from Nanny) watch message queue|AsyncProcess Dask Worker process (from Nanny) watch process join|QueueFeederThread|AsyncProcess Dask Worker process (from Nanny) watch message queue|AsyncProcess Dask Worker process (from Nanny) watch process join|AsyncProcess Dask Worker process (from Nanny) watch process join|Dask-Offload_0|Thread-4 (_loop)|Thread-6 (_loop)|Thread-8 (_loop),,31.895698
2025-09-26T22:00:48.421398,dimos.perception.detection2d.test_moduleDB,test_moduleDB,2,23,21,21,IO loop|Profile|QueueFeederThread|AsyncProcess Dask Worker process (from Nanny) watch message queue|QueueFeederThread|AsyncProcess Dask Worker process (from Nanny) watch message queue|AsyncProcess Dask Worker process (from Nanny) watch process join|QueueFeederThread|AsyncProcess Dask Worker process (from Nanny) watch process join|AsyncProcess Dask Worker process (from Nanny) watch message queue|QueueFeederThread|AsyncProcess Dask Worker process (from Nanny) watch message queue|AsyncProcess Dask Worker process (from Nanny) watch process join|QueueFeederThread|AsyncProcess Dask Worker process (from Nanny) watch message queue|AsyncProcess Dask Worker process (from Nanny) watch process join|AsyncProcess Dask Worker process (from Nanny) watch process join|Dask-Offload_0|Thread-4 (_loop)|Thread-6 (_loop)|Thread-8 (_loop),,37.559155
2025-09-26T22:02:28.714625,dimos.perception.detection2d.test_moduleDB,test_moduleDB,2,23,21,21,IO loop|Profile|QueueFeederThread|AsyncProcess Dask Worker process (from Nanny) watch message queue|QueueFeederThread|AsyncProcess Dask Worker process (from Nanny) watch message queue|AsyncProcess Dask Worker process (from Nanny) watch process join|QueueFeederThread|AsyncProcess Dask Worker process (from Nanny) watch process join|AsyncProcess Dask Worker process (from Nanny) watch message queue|QueueFeederThread|AsyncProcess Dask Worker process (from Nanny) watch message queue|AsyncProcess Dask Worker process (from Nanny) watch process join|QueueFeederThread|AsyncProcess Dask Worker process (from Nanny) watch message queue|AsyncProcess Dask Worker process (from Nanny) watch process join|AsyncProcess Dask Worker process (from Nanny) watch process join|Dask-Offload_0|Thread-4 (_loop)|Thread-6 (_loop)|Thread-8 (_loop),,7.533279
2025-09-26T22:02:41.314814,dimos.perception.detection2d.test_moduleDB,test_moduleDB,2,23,21,21,IO loop|Profile|QueueFeederThread|AsyncProcess Dask Worker process (from Nanny) watch message queue|QueueFeederThread|AsyncProcess Dask Worker process (from Nanny) watch message queue|QueueFeederThread|AsyncProcess Dask Worker process (from Nanny) watch process join|AsyncProcess Dask Worker process (from Nanny) watch process join|AsyncProcess Dask Worker process (from Nanny) watch message queue|QueueFeederThread|AsyncProcess Dask Worker process (from Nanny) watch message queue|AsyncProcess Dask Worker process (from Nanny) watch process join|QueueFeederThread|AsyncProcess Dask Worker process (from Nanny) watch message queue|AsyncProcess Dask Worker process (from Nanny) watch process join|AsyncProcess Dask Worker process (from Nanny) watch process join|Dask-Offload_0|Thread-4 (_loop)|Thread-6 (_loop)|Thread-8 (_loop),,37.330718
2025-09-26T22:03:25.387171,dimos.perception.detection2d.test_moduleDB,test_moduleDB,2,23,21,21,IO loop|Profile|QueueFeederThread|AsyncProcess Dask Worker process (from Nanny) watch message queue|QueueFeederThread|AsyncProcess Dask Worker process (from Nanny) watch message queue|AsyncProcess Dask Worker process (from Nanny) watch process join|QueueFeederThread|AsyncProcess Dask Worker process (from Nanny) watch process join|AsyncProcess Dask Worker process (from Nanny) watch message queue|QueueFeederThread|AsyncProcess Dask Worker process (from Nanny) watch message queue|QueueFeederThread|AsyncProcess Dask Worker process (from Nanny) watch process join|AsyncProcess Dask Worker process (from Nanny) watch message queue|AsyncProcess Dask Worker process (from Nanny) watch process join|AsyncProcess Dask Worker process (from Nanny) watch process join|Dask-Offload_0|Thread-4 (_loop)|Thread-6 (_loop)|Thread-8 (_loop),,18.811334
2025-09-26T22:03:50.157214,dimos.perception.detection2d.test_moduleDB,test_moduleDB,2,23,21,21,IO loop|Profile|QueueFeederThread|AsyncProcess Dask Worker process (from Nanny) watch message queue|QueueFeederThread|AsyncProcess Dask Worker process (from Nanny) watch message queue|AsyncProcess Dask Worker process (from Nanny) watch process join|QueueFeederThread|AsyncProcess Dask Worker process (from Nanny) watch message queue|AsyncProcess Dask Worker process (from Nanny) watch process join|QueueFeederThread|AsyncProcess Dask Worker process (from Nanny) watch process join|AsyncProcess Dask Worker process (from Nanny) watch message queue|QueueFeederThread|AsyncProcess Dask Worker process (from Nanny) watch message queue|AsyncProcess Dask Worker process (from Nanny) watch process join|AsyncProcess Dask Worker process (from Nanny) watch process join|Dask-Offload_0|Thread-4 (_loop)|Thread-6 (_loop)|Thread-8 (_loop),,23.603525
2025-09-26T22:04:18.653888,dimos.perception.detection2d.test_moduleDB,test_moduleDB,2,23,21,21,IO loop|Profile|QueueFeederThread|AsyncProcess Dask Worker process (from Nanny) watch message queue|QueueFeederThread|AsyncProcess Dask Worker process (from Nanny) watch message queue|AsyncProcess Dask Worker process (from Nanny) watch process join|QueueFeederThread|AsyncProcess Dask Worker process (from Nanny) watch process join|AsyncProcess Dask Worker process (from Nanny) watch message queue|QueueFeederThread|AsyncProcess Dask Worker process (from Nanny) watch message queue|AsyncProcess Dask Worker process (from Nanny) watch process join|QueueFeederThread|AsyncProcess Dask Worker process (from Nanny) watch message queue|AsyncProcess Dask Worker process (from Nanny) watch process join|AsyncProcess Dask Worker process (from Nanny) watch process join|Dask-Offload_0|Thread-4 (_loop)|Thread-6 (_loop)|Thread-8 (_loop),,21.43122
2025-09-26T22:05:06.693792,dimos.perception.detection2d.test_moduleDB,test_moduleDB,2,23,21,21,IO loop|Profile|QueueFeederThread|AsyncProcess Dask Worker process (from Nanny) watch message queue|QueueFeederThread|AsyncProcess Dask Worker process (from Nanny) watch message queue|AsyncProcess Dask Worker process (from Nanny) watch process join|QueueFeederThread|AsyncProcess Dask Worker process (from Nanny) watch process join|AsyncProcess Dask Worker process (from Nanny) watch message queue|QueueFeederThread|AsyncProcess Dask Worker process (from Nanny) watch message queue|AsyncProcess Dask Worker process (from Nanny) watch process join|QueueFeederThread|AsyncProcess Dask Worker process (from Nanny) watch message queue|AsyncProcess Dask Worker process (from Nanny) watch process join|AsyncProcess Dask Worker process (from Nanny) watch process join|Dask-Offload_0|Thread-4 (_loop)|Thread-6 (_loop)|Thread-8 (_loop),,40.663185
2025-09-26T22:06:10.956855,dimos.perception.detection2d.test_moduleDB,test_moduleDB,2,23,21,21,IO loop|Profile|QueueFeederThread|AsyncProcess Dask Worker process (from Nanny) watch message queue|QueueFeederThread|AsyncProcess Dask Worker process (from Nanny) watch message queue|AsyncProcess Dask Worker process (from Nanny) watch process join|QueueFeederThread|AsyncProcess Dask Worker process (from Nanny) watch process join|AsyncProcess Dask Worker process (from Nanny) watch message queue|QueueFeederThread|AsyncProcess Dask Worker process (from Nanny) watch message queue|QueueFeederThread|AsyncProcess Dask Worker process (from Nanny) watch process join|AsyncProcess Dask Worker process (from Nanny) watch process join|AsyncProcess Dask Worker process (from Nanny) watch message queue|AsyncProcess Dask Worker process (from Nanny) watch process join|Dask-Offload_0|Thread-4 (_loop)|Thread-6 (_loop)|Thread-8 (_loop),,44.398701
2025-09-26T22:07:15.649908,dimos.perception.detection2d.test_moduleDB,test_moduleDB,2,23,21,21,IO loop|Profile|QueueFeederThread|AsyncProcess Dask Worker process (from Nanny) watch message queue|QueueFeederThread|AsyncProcess Dask Worker process (from Nanny) watch message queue|QueueFeederThread|AsyncProcess Dask Worker process (from Nanny) watch process join|AsyncProcess Dask Worker process (from Nanny) watch message queue|AsyncProcess Dask Worker process (from Nanny) watch process join|QueueFeederThread|AsyncProcess Dask Worker process (from Nanny) watch message queue|AsyncProcess Dask Worker process (from Nanny) watch process join|QueueFeederThread|AsyncProcess Dask Worker process (from Nanny) watch process join|AsyncProcess Dask Worker process (from Nanny) watch message queue|AsyncProcess Dask Worker process (from Nanny) watch process join|Dask-Offload_0|Thread-4 (_loop)|Thread-6 (_loop)|Thread-8 (_loop),,36.904216
2025-09-26T22:08:00.336034,dimos.perception.detection2d.test_moduleDB,test_moduleDB,2,23,21,21,IO loop|Profile|QueueFeederThread|AsyncProcess Dask Worker process (from Nanny) watch message queue|QueueFeederThread|AsyncProcess Dask Worker process (from Nanny) watch process join|AsyncProcess Dask Worker process (from Nanny) watch message queue|QueueFeederThread|AsyncProcess Dask Worker process (from Nanny) watch process join|AsyncProcess Dask Worker process (from Nanny) watch message queue|QueueFeederThread|AsyncProcess Dask Worker process (from Nanny) watch message queue|AsyncProcess Dask Worker process (from Nanny) watch process join|QueueFeederThread|AsyncProcess Dask Worker process (from Nanny) watch message queue|AsyncProcess Dask Worker process (from Nanny) watch process join|AsyncProcess Dask Worker process (from Nanny) watch process join|Dask-Offload_0|Thread-4 (_loop)|Thread-6 (_loop)|Thread-8 (_loop),,26.294427
2025-09-26T22:08:32.729168,dimos.perception.detection2d.test_moduleDB,test_moduleDB,2,23,21,21,IO loop|Profile|QueueFeederThread|AsyncProcess Dask Worker process (from Nanny) watch message queue|AsyncProcess Dask Worker process (from Nanny) watch process join|QueueFeederThread|AsyncProcess Dask Worker process (from Nanny) watch message queue|QueueFeederThread|AsyncProcess Dask Worker process (from Nanny) watch process join|AsyncProcess Dask Worker process (from Nanny) watch message queue|QueueFeederThread|AsyncProcess Dask Worker process (from Nanny) watch process join|AsyncProcess Dask Worker process (from Nanny) watch message queue|QueueFeederThread|AsyncProcess Dask Worker process (from Nanny) watch message queue|AsyncProcess Dask Worker process (from Nanny) watch process join|AsyncProcess Dask Worker process (from Nanny) watch process join|Dask-Offload_0|Thread-4 (_loop)|Thread-6 (_loop)|Thread-8 (_loop),,35.683161
2025-09-26T22:09:13.933173,dimos.perception.detection2d.test_moduleDB,test_moduleDB,2,23,21,21,IO loop|Profile|QueueFeederThread|AsyncProcess Dask Worker process (from Nanny) watch message queue|QueueFeederThread|AsyncProcess Dask Worker process (from Nanny) watch process join|AsyncProcess Dask Worker process (from Nanny) watch message queue|QueueFeederThread|AsyncProcess Dask Worker process (from Nanny) watch process join|AsyncProcess Dask Worker process (from Nanny) watch message queue|QueueFeederThread|AsyncProcess Dask Worker process (from Nanny) watch message queue|QueueFeederThread|AsyncProcess Dask Worker process (from Nanny) watch process join|AsyncProcess Dask Worker process (from Nanny) watch message queue|AsyncProcess Dask Worker process (from Nanny) watch process join|AsyncProcess Dask Worker process (from Nanny) watch process join|Dask-Offload_0|Thread-4 (_loop)|Thread-6 (_loop)|Thread-8 (_loop),,23.668677
2025-09-26T22:11:00.968767,dimos.perception.detection2d.test_moduleDB,test_moduleDB,2,23,21,21,IO loop|Profile|QueueFeederThread|AsyncProcess Dask Worker process (from Nanny) watch message queue|QueueFeederThread|AsyncProcess Dask Worker process (from Nanny) watch message queue|AsyncProcess Dask Worker process (from Nanny) watch process join|QueueFeederThread|AsyncProcess Dask Worker process (from Nanny) watch process join|AsyncProcess Dask Worker process (from Nanny) watch message queue|QueueFeederThread|AsyncProcess Dask Worker process (from Nanny) watch process join|AsyncProcess Dask Worker process (from Nanny) watch message queue|QueueFeederThread|AsyncProcess Dask Worker process (from Nanny) watch message queue|AsyncProcess Dask Worker process (from Nanny) watch process join|AsyncProcess Dask Worker process (from Nanny) watch process join|Dask-Offload_0|Thread-4 (_loop)|Thread-6 (_loop)|Thread-8 (_loop),,36.469964
2025-09-26T22:11:42.617464,dimos.perception.detection2d.test_moduleDB,test_moduleDB,2,23,21,21,IO loop|Profile|QueueFeederThread|AsyncProcess Dask Worker process (from Nanny) watch message queue|QueueFeederThread|AsyncProcess Dask Worker process (from Nanny) watch message queue|AsyncProcess Dask Worker process (from Nanny) watch process join|QueueFeederThread|AsyncProcess Dask Worker process (from Nanny) watch process join|AsyncProcess Dask Worker process (from Nanny) watch message queue|QueueFeederThread|AsyncProcess Dask Worker process (from Nanny) watch process join|AsyncProcess Dask Worker process (from Nanny) watch message queue|QueueFeederThread|AsyncProcess Dask Worker process (from Nanny) watch message queue|AsyncProcess Dask Worker process (from Nanny) watch process join|AsyncProcess Dask Worker process (from Nanny) watch process join|Dask-Offload_0|Thread-4 (_loop)|Thread-6 (_loop)|Thread-8 (_loop),,47.092509
2025-09-26T22:13:37.233940,dimos.perception.detection2d.test_moduleDB,test_moduleDB,2,23,21,21,IO loop|Profile|QueueFeederThread|AsyncProcess Dask Worker process (from Nanny) watch message queue|QueueFeederThread|AsyncProcess Dask Worker process (from Nanny) watch message queue|AsyncProcess Dask Worker process (from Nanny) watch process join|QueueFeederThread|AsyncProcess Dask Worker process (from Nanny) watch process join|AsyncProcess Dask Worker process (from Nanny) watch message queue|QueueFeederThread|AsyncProcess Dask Worker process (from Nanny) watch message queue|AsyncProcess Dask Worker process (from Nanny) watch process join|QueueFeederThread|AsyncProcess Dask Worker process (from Nanny) watch message queue|AsyncProcess Dask Worker process (from Nanny) watch process join|AsyncProcess Dask Worker process (from Nanny) watch process join|Dask-Offload_0|Thread-4 (_loop)|Thread-6 (_loop)|Thread-8 (_loop),,35.421827
2025-09-26T22:14:17.572317,dimos.perception.detection2d.test_moduleDB,test_moduleDB,2,23,21,21,IO loop|Profile|QueueFeederThread|AsyncProcess Dask Worker process (from Nanny) watch message queue|QueueFeederThread|AsyncProcess Dask Worker process (from Nanny) watch message queue|AsyncProcess Dask Worker process (from Nanny) watch process join|QueueFeederThread|AsyncProcess Dask Worker process (from Nanny) watch process join|AsyncProcess Dask Worker process (from Nanny) watch message queue|QueueFeederThread|AsyncProcess Dask Worker process (from Nanny) watch message queue|AsyncProcess Dask Worker process (from Nanny) watch process join|QueueFeederThread|AsyncProcess Dask Worker process (from Nanny) watch process join|AsyncProcess Dask Worker process (from Nanny) watch message queue|AsyncProcess Dask Worker process (from Nanny) watch process join|Dask-Offload_0|Thread-4 (_loop)|Thread-6 (_loop)|Thread-8 (_loop),,46.901453
2025-09-26T22:17:32.109956,dimos.perception.detection2d.test_moduleDB,test_moduleDB,2,23,21,21,IO loop|Profile|QueueFeederThread|AsyncProcess Dask Worker process (from Nanny) watch message queue|QueueFeederThread|AsyncProcess Dask Worker process (from Nanny) watch message queue|QueueFeederThread|AsyncProcess Dask Worker process (from Nanny) watch process join|AsyncProcess Dask Worker process (from Nanny) watch message queue|QueueFeederThread|AsyncProcess Dask Worker process (from Nanny) watch process join|AsyncProcess Dask Worker process (from Nanny) watch message queue|AsyncProcess Dask Worker process (from Nanny) watch process join|QueueFeederThread|AsyncProcess Dask Worker process (from Nanny) watch message queue|AsyncProcess Dask Worker process (from Nanny) watch process join|AsyncProcess Dask Worker process (from Nanny) watch process join|Dask-Offload_0|Thread-4 (_loop)|Thread-6 (_loop)|Thread-8 (_loop),,30.179645
2025-09-26T22:18:10.839922,dimos.perception.detection2d.test_moduleDB,test_moduleDB,2,23,21,21,IO loop|Profile|QueueFeederThread|AsyncProcess Dask Worker process (from Nanny) watch message queue|QueueFeederThread|AsyncProcess Dask Worker process (from Nanny) watch message queue|AsyncProcess Dask Worker process (from Nanny) watch process join|QueueFeederThread|AsyncProcess Dask Worker process (from Nanny) watch process join|AsyncProcess Dask Worker process (from Nanny) watch message queue|QueueFeederThread|AsyncProcess Dask Worker process (from Nanny) watch process join|AsyncProcess Dask Worker process (from Nanny) watch message queue|QueueFeederThread|AsyncProcess Dask Worker process (from Nanny) watch message queue|AsyncProcess Dask Worker process (from Nanny) watch process join|AsyncProcess Dask Worker process (from Nanny) watch process join|Dask-Offload_0|Thread-4 (_loop)|Thread-6 (_loop)|Thread-8 (_loop),,47.087939
2025-09-26T22:19:13.499558,dimos.perception.detection2d.test_moduleDB,test_moduleDB,2,23,21,21,IO loop|Profile|QueueFeederThread|AsyncProcess Dask Worker process (from Nanny) watch message queue|QueueFeederThread|AsyncProcess Dask Worker process (from Nanny) watch message queue|QueueFeederThread|AsyncProcess Dask Worker process (from Nanny) watch process join|AsyncProcess Dask Worker process (from Nanny) watch message queue|QueueFeederThread|AsyncProcess Dask Worker process (from Nanny) watch process join|AsyncProcess Dask Worker process (from Nanny) watch message queue|AsyncProcess Dask Worker process (from Nanny) watch process join|QueueFeederThread|AsyncProcess Dask Worker process (from Nanny) watch message queue|AsyncProcess Dask Worker process (from Nanny) watch process join|AsyncProcess Dask Worker process (from Nanny) watch process join|Dask-Offload_0|Thread-4 (_loop)|Thread-6 (_loop)|Thread-8 (_loop),,46.740673
2025-09-26T22:20:22.388947,dimos.perception.detection2d.test_moduleDB,test_moduleDB,2,23,21,21,IO loop|Profile|QueueFeederThread|AsyncProcess Dask Worker process (from Nanny) watch message queue|QueueFeederThread|AsyncProcess Dask Worker process (from Nanny) watch message queue|AsyncProcess Dask Worker process (from Nanny) watch process join|QueueFeederThread|AsyncProcess Dask Worker process (from Nanny) watch process join|AsyncProcess Dask Worker process (from Nanny) watch message queue|QueueFeederThread|AsyncProcess Dask Worker process (from Nanny) watch process join|AsyncProcess Dask Worker process (from Nanny) watch message queue|QueueFeederThread|AsyncProcess Dask Worker process (from Nanny) watch message queue|AsyncProcess Dask Worker process (from Nanny) watch process join|AsyncProcess Dask Worker process (from Nanny) watch process join|Dask-Offload_0|Thread-4 (_loop)|Thread-6 (_loop)|Thread-8 (_loop),,46.711166
2025-09-26T22:21:18.618912,dimos.perception.detection2d.test_moduleDB,test_moduleDB,2,23,21,21,IO loop|Profile|QueueFeederThread|AsyncProcess Dask Worker process (from Nanny) watch message queue|QueueFeederThread|AsyncProcess Dask Worker process (from Nanny) watch process join|AsyncProcess Dask Worker process (from Nanny) watch message queue|QueueFeederThread|AsyncProcess Dask Worker process (from Nanny) watch process join|AsyncProcess Dask Worker process (from Nanny) watch message queue|QueueFeederThread|AsyncProcess Dask Worker process (from Nanny) watch message queue|AsyncProcess Dask Worker process (from Nanny) watch process join|QueueFeederThread|AsyncProcess Dask Worker process (from Nanny) watch message queue|AsyncProcess Dask Worker process (from Nanny) watch process join|AsyncProcess Dask Worker process (from Nanny) watch process join|Dask-Offload_0|Thread-4 (_loop)|Thread-6 (_loop)|Thread-8 (_loop),,23.319262
2025-09-26T22:21:47.408626,dimos.perception.detection2d.test_moduleDB,test_moduleDB,2,23,21,21,IO loop|Profile|QueueFeederThread|AsyncProcess Dask Worker process (from Nanny) watch message queue|QueueFeederThread|AsyncProcess Dask Worker process (from Nanny) watch message queue|AsyncProcess Dask Worker process (from Nanny) watch process join|QueueFeederThread|AsyncProcess Dask Worker process (from Nanny) watch process join|AsyncProcess Dask Worker process (from Nanny) watch message queue|QueueFeederThread|AsyncProcess Dask Worker process (from Nanny) watch message queue|AsyncProcess Dask Worker process (from Nanny) watch process join|QueueFeederThread|AsyncProcess Dask Worker process (from Nanny) watch message queue|AsyncProcess Dask Worker process (from Nanny) watch process join|AsyncProcess Dask Worker process (from Nanny) watch process join|Dask-Offload_0|Thread-4 (_loop)|Thread-6 (_loop)|Thread-8 (_loop),,47.887326
2025-09-26T22:23:25.192098,dimos.perception.detection2d.test_moduleDB,test_moduleDB,2,23,21,21,IO loop|Profile|QueueFeederThread|AsyncProcess Dask Worker process (from Nanny) watch message queue|QueueFeederThread|AsyncProcess Dask Worker process (from Nanny) watch message queue|AsyncProcess Dask Worker process (from Nanny) watch process join|QueueFeederThread|AsyncProcess Dask Worker process (from Nanny) watch process join|AsyncProcess Dask Worker process (from Nanny) watch message queue|QueueFeederThread|AsyncProcess Dask Worker process (from Nanny) watch process join|AsyncProcess Dask Worker process (from Nanny) watch message queue|AsyncProcess Dask Worker process (from Nanny) watch process join|QueueFeederThread|AsyncProcess Dask Worker process (from Nanny) watch message queue|AsyncProcess Dask Worker process (from Nanny) watch process join|Dask-Offload_0|Thread-4 (_loop)|Thread-6 (_loop)|Thread-8 (_loop),,27.567826
2025-09-26T22:29:20.655400,dimos.perception.detection2d.test_moduleDB,test_moduleDB,2,22,20,20,IO loop|Profile|QueueFeederThread|AsyncProcess Dask Worker process (from Nanny) watch message queue|QueueFeederThread|AsyncProcess Dask Worker process (from Nanny) watch message queue|AsyncProcess Dask Worker process (from Nanny) watch process join|QueueFeederThread|AsyncProcess Dask Worker process (from Nanny) watch process join|AsyncProcess Dask Worker process (from Nanny) watch message queue|QueueFeederThread|AsyncProcess Dask Worker process (from Nanny) watch message queue|AsyncProcess Dask Worker process (from Nanny) watch process join|QueueFeederThread|AsyncProcess Dask Worker process (from Nanny) watch message queue|AsyncProcess Dask Worker process (from Nanny) watch process join|AsyncProcess Dask Worker process (from Nanny) watch process join|Dask-Offload_0|Thread-4 (_loop)|Thread-6 (_loop),,7.834528
2025-09-26T22:29:38.676467,dimos.perception.detection2d.test_moduleDB,test_moduleDB,2,23,21,21,IO loop|Profile|QueueFeederThread|AsyncProcess Dask Worker process (from Nanny) watch message queue|QueueFeederThread|AsyncProcess Dask Worker process (from Nanny) watch process join|AsyncProcess Dask Worker process (from Nanny) watch message queue|QueueFeederThread|AsyncProcess Dask Worker process (from Nanny) watch process join|AsyncProcess Dask Worker process (from Nanny) watch message queue|QueueFeederThread|AsyncProcess Dask Worker process (from Nanny) watch message queue|AsyncProcess Dask Worker process (from Nanny) watch process join|QueueFeederThread|AsyncProcess Dask Worker process (from Nanny) watch message queue|AsyncProcess Dask Worker process (from Nanny) watch process join|AsyncProcess Dask Worker process (from Nanny) watch process join|Dask-Offload_0|Thread-4 (_loop)|Thread-6 (_loop)|Thread-8 (_loop),,38.416378
2025-09-26T22:30:22.173751,dimos.perception.detection2d.test_moduleDB,test_moduleDB,2,23,21,21,IO loop|Profile|QueueFeederThread|AsyncProcess Dask Worker process (from Nanny) watch message queue|QueueFeederThread|AsyncProcess Dask Worker process (from Nanny) watch message queue|AsyncProcess Dask Worker process (from Nanny) watch process join|QueueFeederThread|AsyncProcess Dask Worker process (from Nanny) watch process join|AsyncProcess Dask Worker process (from Nanny) watch message queue|QueueFeederThread|AsyncProcess Dask Worker process (from Nanny) watch message queue|AsyncProcess Dask Worker process (from Nanny) watch process join|AsyncProcess Dask Worker process (from Nanny) watch process join|Dask-Offload_0|Thread-4 (_loop)|Thread-6 (_loop)|Thread-8 (_loop)|QueueFeederThread|AsyncProcess Dask Worker process (from Nanny) watch message queue|AsyncProcess Dask Worker process (from Nanny) watch process join,,36.314138
2025-09-26T22:31:03.357228,dimos.perception.detection2d.test_moduleDB,test_moduleDB,2,23,21,21,IO loop|Profile|QueueFeederThread|AsyncProcess Dask Worker process (from Nanny) watch message queue|QueueFeederThread|AsyncProcess Dask Worker process (from Nanny) watch process join|AsyncProcess Dask Worker process (from Nanny) watch message queue|QueueFeederThread|AsyncProcess Dask Worker process (from Nanny) watch process join|AsyncProcess Dask Worker process (from Nanny) watch message queue|QueueFeederThread|AsyncProcess Dask Worker process (from Nanny) watch process join|AsyncProcess Dask Worker process (from Nanny) watch message queue|QueueFeederThread|AsyncProcess Dask Worker process (from Nanny) watch message queue|AsyncProcess Dask Worker process (from Nanny) watch process join|AsyncProcess Dask Worker process (from Nanny) watch process join|Dask-Offload_0|Thread-4 (_loop)|Thread-6 (_loop)|Thread-8 (_loop),,13.579422
2025-09-26T22:31:21.557210,dimos.perception.detection2d.test_moduleDB,test_moduleDB,2,23,21,21,IO loop|Profile|QueueFeederThread|AsyncProcess Dask Worker process (from Nanny) watch message queue|QueueFeederThread|AsyncProcess Dask Worker process (from Nanny) watch message queue|AsyncProcess Dask Worker process (from Nanny) watch process join|QueueFeederThread|AsyncProcess Dask Worker process (from Nanny) watch message queue|AsyncProcess Dask Worker process (from Nanny) watch process join|QueueFeederThread|AsyncProcess Dask Worker process (from Nanny) watch message queue|AsyncProcess Dask Worker process (from Nanny) watch process join|QueueFeederThread|AsyncProcess Dask Worker process (from Nanny) watch message queue|AsyncProcess Dask Worker process (from Nanny) watch process join|AsyncProcess Dask Worker process (from Nanny) watch process join|Dask-Offload_0|Thread-4 (_loop)|Thread-6 (_loop)|Thread-8 (_loop),,41.263518
2025-09-26T22:32:07.793031,dimos.perception.detection2d.test_moduleDB,test_moduleDB,2,23,21,21,IO loop|Profile|QueueFeederThread|AsyncProcess Dask Worker process (from Nanny) watch message queue|QueueFeederThread|AsyncProcess Dask Worker process (from Nanny) watch message queue|AsyncProcess Dask Worker process (from Nanny) watch process join|QueueFeederThread|AsyncProcess Dask Worker process (from Nanny) watch process join|AsyncProcess Dask Worker process (from Nanny) watch message queue|QueueFeederThread|AsyncProcess Dask Worker process (from Nanny) watch process join|AsyncProcess Dask Worker process (from Nanny) watch message queue|QueueFeederThread|AsyncProcess Dask Worker process (from Nanny) watch message queue|AsyncProcess Dask Worker process (from Nanny) watch process join|AsyncProcess Dask Worker process (from Nanny) watch process join|Dask-Offload_0|Thread-4 (_loop)|Thread-6 (_loop)|Thread-8 (_loop),,26.183927
2025-09-26T22:32:39.180680,dimos.perception.detection2d.test_moduleDB,test_moduleDB,2,23,21,21,IO loop|Profile|QueueFeederThread|AsyncProcess Dask Worker process (from Nanny) watch message queue|QueueFeederThread|AsyncProcess Dask Worker process (from Nanny) watch message queue|AsyncProcess Dask Worker process (from Nanny) watch process join|QueueFeederThread|AsyncProcess Dask Worker process (from Nanny) watch process join|AsyncProcess Dask Worker process (from Nanny) watch message queue|QueueFeederThread|AsyncProcess Dask Worker process (from Nanny) watch message queue|AsyncProcess Dask Worker process (from Nanny) watch process join|QueueFeederThread|AsyncProcess Dask Worker process (from Nanny) watch message queue|AsyncProcess Dask Worker process (from Nanny) watch process join|AsyncProcess Dask Worker process (from Nanny) watch process join|Dask-Offload_0|Thread-4 (_loop)|Thread-6 (_loop)|Thread-8 (_loop),,32.074383
2025-09-26T22:33:17.385932,dimos.perception.detection2d.test_moduleDB,test_moduleDB,2,23,21,21,IO loop|Profile|QueueFeederThread|AsyncProcess Dask Worker process (from Nanny) watch message queue|QueueFeederThread|AsyncProcess Dask Worker process (from Nanny) watch message queue|QueueFeederThread|AsyncProcess Dask Worker process (from Nanny) watch process join|AsyncProcess Dask Worker process (from Nanny) watch message queue|QueueFeederThread|AsyncProcess Dask Worker process (from Nanny) watch process join|AsyncProcess Dask Worker process (from Nanny) watch message queue|AsyncProcess Dask Worker process (from Nanny) watch process join|QueueFeederThread|AsyncProcess Dask Worker process (from Nanny) watch message queue|AsyncProcess Dask Worker process (from Nanny) watch process join|AsyncProcess Dask Worker process (from Nanny) watch process join|Dask-Offload_0|Thread-4 (_loop)|Thread-6 (_loop)|Thread-8 (_loop),,43.263926
2025-09-26T22:34:14.699754,dimos.perception.detection2d.test_moduleDB,test_moduleDB,2,23,21,21,IO loop|Profile|QueueFeederThread|AsyncProcess Dask Worker process (from Nanny) watch message queue|QueueFeederThread|AsyncProcess Dask Worker process (from Nanny) watch message queue|QueueFeederThread|AsyncProcess Dask Worker process (from Nanny) watch process join|AsyncProcess Dask Worker process (from Nanny) watch message queue|AsyncProcess Dask Worker process (from Nanny) watch process join|QueueFeederThread|AsyncProcess Dask Worker process (from Nanny) watch message queue|AsyncProcess Dask Worker process (from Nanny) watch process join|QueueFeederThread|AsyncProcess Dask Worker process (from Nanny) watch process join|AsyncProcess Dask Worker process (from Nanny) watch message queue|AsyncProcess Dask Worker process (from Nanny) watch process join|Dask-Offload_0|Thread-4 (_loop)|Thread-6 (_loop)|Thread-8 (_loop),,47.492652
2025-09-26T22:43:19.368309,dimos.perception.detection2d.test_moduleDB,test_moduleDB,2,23,21,21,IO loop|Profile|QueueFeederThread|AsyncProcess Dask Worker process (from Nanny) watch message queue|QueueFeederThread|AsyncProcess Dask Worker process (from Nanny) watch message queue|AsyncProcess Dask Worker process (from Nanny) watch process join|QueueFeederThread|AsyncProcess Dask Worker process (from Nanny) watch process join|AsyncProcess Dask Worker process (from Nanny) watch message queue|QueueFeederThread|AsyncProcess Dask Worker process (from Nanny) watch process join|AsyncProcess Dask Worker process (from Nanny) watch message queue|QueueFeederThread|AsyncProcess Dask Worker process (from Nanny) watch message queue|AsyncProcess Dask Worker process (from Nanny) watch process join|AsyncProcess Dask Worker process (from Nanny) watch process join|Dask-Offload_0|Thread-4 (_loop)|Thread-6 (_loop)|Thread-8 (_loop),,47.552228
2025-09-27T17:57:06.427830,dimos.perception.detection2d.test_module2d,test_module2d_visual_query,2,8,6,6,Thread-2 (_loop)|Thread-3 (_loop)|Thread-4 (_loop)|Thread-5 (_loop)|Thread-6 (run_forever)|Thread-7 (_loop),,0.289448
2025-09-27T17:57:30.116141,dimos.perception.detection2d.test_module2d,test_module2d_visual_query,2,16,14,14,Thread-2 (_loop)|Thread-3 (_loop)|Thread-4 (_loop)|Thread-5 (_loop)|Thread-6 (run_forever)|Thread-7 (_loop)|Thread-8 (run_forever)|Thread-9 (_loop)|Thread-10 (run_forever)|Thread-11 (_loop)|Thread-12 (run_forever)|Thread-13 (_loop)|Thread-14 (run_forever)|Thread-15 (_loop),,7.382514
2025-09-27T17:58:27.591734,dimos.perception.detection2d.test_module2d,test_module2d_visual_query,2,8,6,6,Thread-2 (_loop)|Thread-3 (_loop)|Thread-4 (_loop)|Thread-5 (_loop)|Thread-6 (run_forever)|Thread-7 (_loop),,0.166295
2025-09-27T17:58:44.098746,dimos.perception.detection2d.test_module2d,test_module2d_visual_query,2,16,14,14,Thread-2 (_loop)|Thread-3 (_loop)|Thread-4 (_loop)|Thread-5 (_loop)|Thread-6 (run_forever)|Thread-7 (_loop)|Thread-8 (run_forever)|Thread-9 (_loop)|Thread-10 (run_forever)|Thread-11 (_loop)|Thread-12 (run_forever)|Thread-13 (_loop)|Thread-14 (run_forever)|Thread-15 (_loop),,7.179522
2025-09-27T17:59:00.368078,dimos.perception.detection2d.test_module2d,test_module2d_visual_query,2,16,14,14,Thread-2 (_loop)|Thread-3 (_loop)|Thread-4 (_loop)|Thread-5 (_loop)|Thread-6 (run_forever)|Thread-7 (_loop)|Thread-8 (run_forever)|Thread-9 (_loop)|Thread-10 (run_forever)|Thread-11 (_loop)|Thread-12 (run_forever)|Thread-13 (_loop)|Thread-14 (run_forever)|Thread-15 (_loop),,6.170713
2025-09-27T18:00:04.318368,dimos.perception.detection2d.test_module2d,test_module2d_visual_query,2,19,17,17,Thread-2 (_loop)|Thread-3 (_loop)|Thread-4 (_loop)|Thread-5 (_loop)|Thread-6 (run_forever)|Thread-7 (_loop)|Thread-8 (run_forever)|Thread-9 (_loop)|Thread-10 (run_forever)|Thread-11 (_loop)|Thread-12 (run_forever)|Thread-13 (_loop)|Thread-14 (run_forever)|Thread-15 (_loop)|Thread-16 (_loop)|Thread-17 (_loop)|Thread-18 (_loop),,5.413316
2025-09-27T18:00:19.199622,dimos.perception.detection2d.test_module2d,test_module2d_visual_query,2,19,17,17,Thread-2 (_loop)|Thread-3 (_loop)|Thread-4 (_loop)|Thread-5 (_loop)|Thread-6 (run_forever)|Thread-7 (_loop)|Thread-8 (run_forever)|Thread-9 (_loop)|Thread-10 (run_forever)|Thread-11 (_loop)|Thread-12 (run_forever)|Thread-13 (_loop)|Thread-14 (run_forever)|Thread-15 (_loop)|Thread-16 (_loop)|Thread-17 (_loop)|Thread-18 (_loop),,5.367109
2025-09-27T18:00:34.799745,dimos.perception.detection2d.test_module2d,test_module2d_visual_query,2,20,18,18,Thread-2 (_loop)|Thread-3 (_loop)|Thread-4 (_loop)|Thread-5 (_loop)|Thread-6 (run_forever)|Thread-7 (_loop)|Thread-8 (run_forever)|Thread-9 (_loop)|Thread-10 (run_forever)|Thread-11 (_loop)|Thread-12 (run_forever)|Thread-13 (_loop)|Thread-14 (run_forever)|Thread-15 (_loop)|Thread-16 (_loop)|Thread-17 (_loop)|Thread-18 (_loop)|Thread-20 (_loop),,3.467772
2025-09-27T18:00:44.405039,dimos.perception.detection2d.test_module2d,test_module2d_visual_query,2,20,18,18,Thread-2 (_loop)|Thread-3 (_loop)|Thread-4 (_loop)|Thread-5 (_loop)|Thread-6 (run_forever)|Thread-7 (_loop)|Thread-8 (run_forever)|Thread-9 (_loop)|Thread-10 (run_forever)|Thread-11 (_loop)|Thread-12 (run_forever)|Thread-13 (_loop)|Thread-14 (run_forever)|Thread-15 (_loop)|Thread-16 (_loop)|Thread-17 (_loop)|Thread-18 (_loop)|Thread-20 (_loop),,3.48599
2025-09-27T18:01:55.863290,dimos.perception.detection2d.test_module2d,test_module2d_visual_query,2,20,18,18,Thread-2 (_loop)|Thread-3 (_loop)|Thread-4 (_loop)|Thread-5 (_loop)|Thread-6 (run_forever)|Thread-7 (_loop)|Thread-8 (run_forever)|Thread-9 (_loop)|Thread-10 (run_forever)|Thread-11 (_loop)|Thread-12 (run_forever)|Thread-13 (_loop)|Thread-14 (run_forever)|Thread-15 (_loop)|Thread-16 (_loop)|Thread-17 (_loop)|Thread-18 (_loop)|Thread-20 (_loop),,4.220308
2025-09-27T18:06:51.465114,dimos.perception.detection2d.test_module2d,test_module2d_visual_query,2,19,17,17,Thread-2 (_loop)|Thread-3 (_loop)|Thread-4 (_loop)|Thread-5 (_loop)|Thread-6 (run_forever)|Thread-7 (_loop)|Thread-8 (run_forever)|Thread-9 (_loop)|Thread-10 (run_forever)|Thread-11 (_loop)|Thread-12 (run_forever)|Thread-13 (_loop)|Thread-14 (run_forever)|Thread-15 (_loop)|Thread-16 (_loop)|Thread-17 (_loop)|Thread-18 (_loop),,3.501642
2025-09-27T18:07:23.741311,dimos.perception.detection2d.test_module2d,test_module2d_visual_query,2,20,18,18,Thread-2 (_loop)|Thread-3 (_loop)|Thread-4 (_loop)|Thread-5 (_loop)|Thread-6 (run_forever)|Thread-7 (_loop)|Thread-8 (run_forever)|Thread-9 (_loop)|Thread-10 (run_forever)|Thread-11 (_loop)|Thread-12 (run_forever)|Thread-13 (_loop)|Thread-14 (run_forever)|Thread-15 (_loop)|Thread-16 (_loop)|Thread-17 (_loop)|Thread-18 (_loop)|Thread-20 (_loop),,3.82077
2025-09-27T18:07:33.542755,dimos.perception.detection2d.test_module2d,test_module2d_visual_query,2,20,18,18,Thread-2 (_loop)|Thread-3 (_loop)|Thread-4 (_loop)|Thread-5 (_loop)|Thread-6 (run_forever)|Thread-7 (_loop)|Thread-8 (run_forever)|Thread-9 (_loop)|Thread-10 (run_forever)|Thread-11 (_loop)|Thread-12 (run_forever)|Thread-13 (_loop)|Thread-14 (run_forever)|Thread-15 (_loop)|Thread-16 (_loop)|Thread-17 (_loop)|Thread-18 (_loop)|Thread-20 (_loop),,4.020235
2025-09-27T18:07:56.329029,dimos.perception.detection2d.test_module2d,test_module2d_visual_query,2,23,21,21,Thread-2 (_loop)|Thread-3 (_loop)|Thread-4 (_loop)|Thread-5 (_loop)|Thread-6 (run_forever)|Thread-7 (_loop)|Thread-8 (run_forever)|Thread-9 (_loop)|Thread-10 (run_forever)|Thread-11 (_loop)|Thread-12 (run_forever)|Thread-13 (_loop)|Thread-14 (run_forever)|Thread-15 (_loop)|Thread-16 (_loop)|Thread-17 (_loop)|Thread-18 (_loop)|Thread-20 (_loop)|Thread-21 (_loop)|Thread-22 (_loop)|Thread-23 (_loop),,3.576301
2025-09-27T18:08:07.839917,dimos.perception.detection2d.test_module2d,test_module2d_visual_query,2,23,21,21,Thread-2 (_loop)|Thread-3 (_loop)|Thread-4 (_loop)|Thread-5 (_loop)|Thread-6 (run_forever)|Thread-7 (_loop)|Thread-8 (run_forever)|Thread-9 (_loop)|Thread-10 (run_forever)|Thread-11 (_loop)|Thread-12 (run_forever)|Thread-13 (_loop)|Thread-14 (run_forever)|Thread-15 (_loop)|Thread-16 (_loop)|Thread-17 (_loop)|Thread-18 (_loop)|Thread-20 (_loop)|Thread-21 (_loop)|Thread-22 (_loop)|Thread-23 (_loop),,3.986368
2025-09-27T18:14:31.454478,dimos.perception.detection2d.test_module2d,test_module2d_visual_query,2,23,21,21,Thread-2 (_loop)|Thread-3 (_loop)|Thread-4 (_loop)|Thread-5 (_loop)|Thread-6 (run_forever)|Thread-7 (_loop)|Thread-8 (run_forever)|Thread-9 (_loop)|Thread-10 (run_forever)|Thread-11 (_loop)|Thread-12 (run_forever)|Thread-13 (_loop)|Thread-14 (run_forever)|Thread-15 (_loop)|Thread-16 (_loop)|Thread-17 (_loop)|Thread-18 (_loop)|Thread-20 (_loop)|Thread-21 (_loop)|Thread-22 (_loop)|Thread-23 (_loop),,4.208516
2025-09-27T18:15:01.658331,dimos.perception.detection2d.test_module2d,test_module2d_visual_query,2,23,21,21,Thread-2 (_loop)|Thread-3 (_loop)|Thread-4 (_loop)|Thread-5 (_loop)|Thread-6 (run_forever)|Thread-7 (_loop)|Thread-8 (run_forever)|Thread-9 (_loop)|Thread-10 (run_forever)|Thread-11 (_loop)|Thread-12 (run_forever)|Thread-13 (_loop)|Thread-14 (run_forever)|Thread-15 (_loop)|Thread-16 (_loop)|Thread-17 (_loop)|Thread-18 (_loop)|Thread-20 (_loop)|Thread-21 (_loop)|Thread-22 (_loop)|Thread-23 (_loop),,3.598878
2025-09-27T18:15:20.787995,dimos.perception.detection2d.test_module2d,test_module2d_visual_query,2,23,21,21,Thread-2 (_loop)|Thread-3 (_loop)|Thread-4 (_loop)|Thread-5 (_loop)|Thread-6 (run_forever)|Thread-7 (_loop)|Thread-8 (run_forever)|Thread-9 (_loop)|Thread-10 (run_forever)|Thread-11 (_loop)|Thread-12 (run_forever)|Thread-13 (_loop)|Thread-14 (run_forever)|Thread-15 (_loop)|Thread-16 (_loop)|Thread-17 (_loop)|Thread-18 (_loop)|Thread-20 (_loop)|Thread-21 (_loop)|Thread-22 (_loop)|Thread-23 (_loop),,5.039514
2025-09-27T18:15:49.414461,dimos.perception.detection2d.test_module2d,test_module2d_visual_query,2,23,21,21,Thread-2 (_loop)|Thread-3 (_loop)|Thread-4 (_loop)|Thread-5 (_loop)|Thread-6 (run_forever)|Thread-7 (_loop)|Thread-8 (run_forever)|Thread-9 (_loop)|Thread-10 (run_forever)|Thread-11 (_loop)|Thread-12 (run_forever)|Thread-13 (_loop)|Thread-14 (run_forever)|Thread-15 (_loop)|Thread-16 (_loop)|Thread-17 (_loop)|Thread-18 (_loop)|Thread-20 (_loop)|Thread-21 (_loop)|Thread-22 (_loop)|Thread-23 (_loop),,3.896179
2025-09-27T18:16:05.766640,dimos.perception.detection2d.test_module2d,test_module2d_visual_query,2,23,21,21,Thread-2 (_loop)|Thread-3 (_loop)|Thread-4 (_loop)|Thread-5 (_loop)|Thread-6 (run_forever)|Thread-7 (_loop)|Thread-8 (run_forever)|Thread-9 (_loop)|Thread-10 (run_forever)|Thread-11 (_loop)|Thread-12 (run_forever)|Thread-13 (_loop)|Thread-14 (run_forever)|Thread-15 (_loop)|Thread-16 (_loop)|Thread-17 (_loop)|Thread-18 (_loop)|Thread-20 (_loop)|Thread-21 (_loop)|Thread-22 (_loop)|Thread-23 (_loop),,3.871845
2025-09-27T18:16:24.389201,dimos.perception.detection2d.test_module2d,test_module2d_visual_query,2,23,21,21,Thread-2 (_loop)|Thread-3 (_loop)|Thread-4 (_loop)|Thread-5 (_loop)|Thread-6 (run_forever)|Thread-7 (_loop)|Thread-8 (run_forever)|Thread-9 (_loop)|Thread-10 (run_forever)|Thread-11 (_loop)|Thread-12 (run_forever)|Thread-13 (_loop)|Thread-14 (run_forever)|Thread-15 (_loop)|Thread-16 (_loop)|Thread-17 (_loop)|Thread-18 (_loop)|Thread-20 (_loop)|Thread-21 (_loop)|Thread-22 (_loop)|Thread-23 (_loop),,4.086401
2025-09-27T18:16:36.047673,dimos.perception.detection2d.test_module2d,test_module2d_visual_query,2,23,21,21,Thread-2 (_loop)|Thread-3 (_loop)|Thread-4 (_loop)|Thread-5 (_loop)|Thread-6 (run_forever)|Thread-7 (_loop)|Thread-8 (run_forever)|Thread-9 (_loop)|Thread-10 (run_forever)|Thread-11 (_loop)|Thread-12 (run_forever)|Thread-13 (_loop)|Thread-14 (run_forever)|Thread-15 (_loop)|Thread-16 (_loop)|Thread-17 (_loop)|Thread-18 (_loop)|Thread-20 (_loop)|Thread-21 (_loop)|Thread-22 (_loop)|Thread-23 (_loop),,3.996469
2025-09-27T18:17:53.485618,dimos.perception.detection2d.test_module2d,test_module2d_visual_query,2,23,21,21,Thread-2 (_loop)|Thread-3 (_loop)|Thread-4 (_loop)|Thread-5 (_loop)|Thread-6 (run_forever)|Thread-7 (_loop)|Thread-8 (run_forever)|Thread-9 (_loop)|Thread-10 (run_forever)|Thread-11 (_loop)|Thread-12 (run_forever)|Thread-13 (_loop)|Thread-14 (run_forever)|Thread-15 (_loop)|Thread-16 (_loop)|Thread-17 (_loop)|Thread-18 (_loop)|Thread-20 (_loop)|Thread-21 (_loop)|Thread-22 (_loop)|Thread-23 (_loop),,5.661548
2025-09-27T18:18:23.112511,dimos.perception.detection2d.test_module2d,test_module2d_visual_query,2,25,23,23,Thread-2 (_loop)|Thread-3 (_loop)|Thread-4 (_loop)|Thread-5 (_loop)|Thread-6 (run_forever)|Thread-7 (_loop)|Thread-8 (run_forever)|Thread-9 (_loop)|Thread-10 (run_forever)|Thread-11 (_loop)|Thread-12 (run_forever)|Thread-13 (_loop)|Thread-14 (run_forever)|Thread-15 (_loop)|Thread-16 (_loop)|Thread-17 (_loop)|Thread-18 (_loop)|Thread-20 (_loop)|Thread-21 (_loop)|Thread-22 (_loop)|Thread-23 (_loop)|Thread-24 (_loop)|Thread-25 (_loop),,4.5843
2025-09-27T18:18:52.349188,dimos.perception.detection2d.test_module2d,test_module2d_visual_query,2,25,23,23,Thread-2 (_loop)|Thread-3 (_loop)|Thread-4 (_loop)|Thread-5 (_loop)|Thread-6 (run_forever)|Thread-7 (_loop)|Thread-8 (run_forever)|Thread-9 (_loop)|Thread-10 (run_forever)|Thread-11 (_loop)|Thread-12 (run_forever)|Thread-13 (_loop)|Thread-14 (run_forever)|Thread-15 (_loop)|Thread-16 (_loop)|Thread-17 (_loop)|Thread-18 (_loop)|Thread-20 (_loop)|Thread-21 (_loop)|Thread-22 (_loop)|Thread-23 (_loop)|Thread-24 (_loop)|Thread-25 (_loop),,4.560781
2025-09-27T18:19:24.261027,dimos.perception.detection2d.test_module2d,test_module2d_visual_query,2,27,25,25,Thread-2 (_loop)|Thread-3 (_loop)|Thread-4 (_loop)|Thread-5 (_loop)|Thread-6 (run_forever)|Thread-7 (_loop)|Thread-8 (run_forever)|Thread-9 (_loop)|Thread-10 (run_forever)|Thread-11 (_loop)|Thread-12 (run_forever)|Thread-13 (_loop)|Thread-14 (run_forever)|Thread-15 (_loop)|Thread-16 (_loop)|Thread-17 (_loop)|Thread-18 (_loop)|Thread-20 (_loop)|Thread-21 (_loop)|Thread-22 (_loop)|Thread-23 (_loop)|Thread-24 (_loop)|Thread-25 (_loop)|Thread-26 (_loop)|Thread-27 (_loop),,5.814174
2025-09-27T18:19:41.179952,dimos.perception.detection2d.test_module2d,test_module2d_visual_query,2,27,25,25,Thread-2 (_loop)|Thread-3 (_loop)|Thread-4 (_loop)|Thread-5 (_loop)|Thread-6 (run_forever)|Thread-7 (_loop)|Thread-8 (run_forever)|Thread-9 (_loop)|Thread-10 (run_forever)|Thread-11 (_loop)|Thread-12 (run_forever)|Thread-13 (_loop)|Thread-14 (run_forever)|Thread-15 (_loop)|Thread-16 (_loop)|Thread-17 (_loop)|Thread-18 (_loop)|Thread-20 (_loop)|Thread-21 (_loop)|Thread-22 (_loop)|Thread-23 (_loop)|Thread-24 (_loop)|Thread-25 (_loop)|Thread-26 (_loop)|Thread-27 (_loop),,5.856868
2025-09-27T18:20:08.302972,dimos.perception.detection2d.test_module2d,test_module2d_visual_query,2,27,25,25,Thread-2 (_loop)|Thread-3 (_loop)|Thread-4 (_loop)|Thread-5 (_loop)|Thread-6 (run_forever)|Thread-7 (_loop)|Thread-8 (run_forever)|Thread-9 (_loop)|Thread-10 (run_forever)|Thread-11 (_loop)|Thread-12 (run_forever)|Thread-13 (_loop)|Thread-14 (run_forever)|Thread-15 (_loop)|Thread-16 (_loop)|Thread-17 (_loop)|Thread-18 (_loop)|Thread-20 (_loop)|Thread-21 (_loop)|Thread-22 (_loop)|Thread-23 (_loop)|Thread-24 (_loop)|Thread-25 (_loop)|Thread-26 (_loop)|Thread-27 (_loop),,6.686924
2025-09-27T20:20:23.092088,dimos.perception.detection2d.test_module2d,test_module2d_visual_query,2,27,25,25,Thread-2 (_loop)|Thread-3 (_loop)|Thread-4 (_loop)|Thread-5 (_loop)|Thread-6 (run_forever)|Thread-7 (_loop)|Thread-8 (run_forever)|Thread-9 (_loop)|Thread-10 (run_forever)|Thread-11 (_loop)|Thread-12 (run_forever)|Thread-13 (_loop)|Thread-14 (run_forever)|Thread-15 (_loop)|Thread-16 (_loop)|Thread-17 (_loop)|Thread-18 (_loop)|Thread-20 (_loop)|Thread-21 (_loop)|Thread-22 (_loop)|Thread-23 (_loop)|Thread-24 (_loop)|Thread-25 (_loop)|Thread-26 (_loop)|Thread-27 (_loop),,6.41635
2025-09-27T20:20:50.518887,dimos.perception.detection2d.test_module2d,test_module2d_visual_query,2,27,25,25,Thread-2 (_loop)|Thread-3 (_loop)|Thread-4 (_loop)|Thread-5 (_loop)|Thread-6 (run_forever)|Thread-7 (_loop)|Thread-8 (run_forever)|Thread-9 (_loop)|Thread-10 (run_forever)|Thread-11 (_loop)|Thread-12 (run_forever)|Thread-13 (_loop)|Thread-14 (run_forever)|Thread-15 (_loop)|Thread-16 (_loop)|Thread-17 (_loop)|Thread-18 (_loop)|Thread-20 (_loop)|Thread-21 (_loop)|Thread-22 (_loop)|Thread-23 (_loop)|Thread-24 (_loop)|Thread-25 (_loop)|Thread-26 (_loop)|Thread-27 (_loop),,6.522804
2025-09-27T20:21:13.213561,dimos.perception.detection2d.test_module2d,test_module2d_visual_query,2,27,25,25,Thread-2 (_loop)|Thread-3 (_loop)|Thread-4 (_loop)|Thread-5 (_loop)|Thread-6 (run_forever)|Thread-7 (_loop)|Thread-8 (run_forever)|Thread-9 (_loop)|Thread-10 (run_forever)|Thread-11 (_loop)|Thread-12 (run_forever)|Thread-13 (_loop)|Thread-14 (run_forever)|Thread-15 (_loop)|Thread-16 (_loop)|Thread-17 (_loop)|Thread-18 (_loop)|Thread-20 (_loop)|Thread-21 (_loop)|Thread-22 (_loop)|Thread-23 (_loop)|Thread-24 (_loop)|Thread-25 (_loop)|Thread-26 (_loop)|Thread-27 (_loop),,7.391736
